timestamp,block_number,stakeDao_price,stakeDao_v2_price,curve_price,price_difference,price_difference_percent,price_difference_v2,price_difference_percent_v2
2025-04-07T12:12:11.000Z,22216942,1.017110,1.017110,1.017110,0.000000,0.0000,0.000000,0.0000
2025-04-07T20:15:35.000Z,22219342,1.017128,1.017128,1.017128,0.000000,0.0000,0.000000,0.0000
2025-04-08T04:18:23.000Z,22221742,1.017134,1.017134,1.017134,0.000000,0.0000,0.000000,0.0000
2025-04-08T12:19:59.000Z,22224142,1.017145,1.017145,1.017145,0.000000,0.0000,0.000000,0.0000
2025-04-08T20:22:47.000Z,22226542,1.017157,1.017157,1.017157,0.000000,0.0000,0.000000,0.0000
2025-04-09T04:24:59.000Z,22228942,1.017166,1.017166,1.017166,0.000000,0.0000,0.000000,0.0000
2025-04-09T12:27:11.000Z,22231342,1.017170,1.017170,1.017170,0.000000,0.0000,0.000000,0.0000
2025-04-09T20:28:59.000Z,22233742,1.017176,1.017176,1.017176,0.000000,0.0000,0.000000,0.0000
2025-04-10T04:29:59.000Z,22236142,1.017180,1.017180,1.017180,0.000000,0.0000,0.000000,0.0000
2025-04-10T12:30:59.000Z,22238542,1.017185,1.017185,1.017185,0.000000,0.0000,0.000000,0.0000
2025-04-10T20:33:35.000Z,22240942,1.017190,1.017190,1.017190,0.000000,0.0000,0.000000,0.0000
2025-04-11T04:35:47.000Z,22243342,1.017200,1.017200,1.017200,0.000000,0.0000,0.000000,0.0000
2025-04-11T12:36:47.000Z,22245742,1.017202,1.017202,1.017202,0.000000,0.0000,0.000000,0.0000
2025-04-11T20:38:59.000Z,22248142,1.017203,1.017203,1.017203,0.000000,0.0000,0.000000,0.0000
2025-04-12T04:39:47.000Z,22250542,1.017205,1.017205,1.017205,0.000000,0.0000,0.000000,0.0000
2025-04-12T12:40:35.000Z,22252942,1.017206,1.017206,1.017206,0.000000,0.0000,0.000000,0.0000
2025-04-12T20:42:59.000Z,22255342,1.017214,1.017214,1.017214,0.000000,0.0000,0.000000,0.0000
2025-04-13T04:44:47.000Z,22257742,1.017225,1.017225,1.017225,0.000000,0.0000,0.000000,0.0000
2025-04-13T12:46:35.000Z,22260142,1.017228,1.017228,1.017228,0.000000,0.0000,0.000000,0.0000
2025-04-13T20:47:59.000Z,22262542,1.017230,1.017230,1.017230,0.000000,0.0000,0.000000,0.0000
2025-04-14T04:49:23.000Z,22264942,1.017231,1.017231,1.017231,0.000000,0.0000,0.000000,0.0000
2025-04-14T12:51:23.000Z,22267342,1.017232,1.017232,1.017232,0.000000,0.0000,0.000000,0.0000
2025-04-14T20:54:23.000Z,22269742,1.017233,1.017233,1.017233,0.000000,0.0000,0.000000,0.0000
2025-04-15T04:56:35.000Z,22272142,1.017234,1.017234,1.017234,0.000000,0.0000,0.000000,0.0000
2025-04-15T12:59:59.000Z,22274542,1.017227,1.017227,1.017227,0.000000,0.0000,0.000000,0.0000
2025-04-15T21:02:59.000Z,22276942,1.017210,1.017210,1.017210,0.000000,0.0000,0.000000,0.0000
2025-04-16T05:03:59.000Z,22279342,1.017238,1.017238,1.017238,0.000000,0.0000,0.000000,0.0000
2025-04-16T13:05:35.000Z,22281742,1.017241,1.017241,1.017241,0.000000,0.0000,0.000000,0.0000
2025-04-16T21:08:23.000Z,22284142,1.017231,1.017231,1.017231,0.000000,0.0000,0.000000,0.0000
2025-04-17T05:11:47.000Z,22286542,1.017243,1.017243,1.017243,0.000000,0.0000,0.000000,0.0000
2025-04-17T13:13:47.000Z,22288942,1.017245,1.017245,1.017245,0.000000,0.0000,0.000000,0.0000
2025-04-17T21:15:59.000Z,22291342,1.017246,1.017246,1.017246,0.000000,0.0000,0.000000,0.0000
2025-04-18T05:17:35.000Z,22293742,1.017249,1.017249,1.017249,0.000000,0.0000,0.000000,0.0000
2025-04-18T13:20:11.000Z,22296142,1.017250,1.017250,1.017250,0.000000,0.0000,0.000000,0.0000
2025-04-18T21:22:35.000Z,22298542,1.017250,1.017250,1.017250,0.000000,0.0000,0.000000,0.0000
2025-04-19T05:24:23.000Z,22300942,1.017250,1.017250,1.017250,0.000000,0.0000,0.000000,0.0000
2025-04-19T13:27:11.000Z,22303342,1.017251,1.017251,1.017251,0.000000,0.0000,0.000000,0.0000
2025-04-19T21:29:47.000Z,22305742,1.017254,1.017254,1.017254,0.000000,0.0000,0.000000,0.0000
2025-04-20T05:32:23.000Z,22308142,1.017255,1.017255,1.017255,0.000000,0.0000,0.000000,0.0000
2025-04-20T13:34:35.000Z,22310542,1.017256,1.017256,1.017256,0.000000,0.0000,0.000000,0.0000
2025-04-20T21:36:59.000Z,22312942,1.017257,1.017257,1.017257,0.000000,0.0000,0.000000,0.0000
2025-04-21T05:40:11.000Z,22315342,1.017258,1.017258,1.017258,0.000000,0.0000,0.000000,0.0000
2025-04-21T13:41:23.000Z,22317742,1.017259,1.017259,1.017259,0.000000,0.0000,0.000000,0.0000
2025-04-21T21:44:11.000Z,22320142,1.017179,1.017179,1.017179,0.000000,0.0000,0.000000,0.0000
2025-04-22T05:46:35.000Z,22322542,1.017170,1.017170,1.017170,0.000000,0.0000,0.000000,0.0000
2025-04-22T13:48:11.000Z,22324942,1.017257,1.017257,1.017257,0.000000,0.0000,0.000000,0.0000
2025-04-22T21:49:35.000Z,22327342,1.017006,1.017006,1.017006,0.000000,0.0000,0.000000,0.0000
2025-04-23T05:53:35.000Z,22329742,1.017128,1.017128,1.017128,0.000000,0.0000,0.000000,0.0000
2025-04-23T13:56:47.000Z,22332142,1.017244,1.017244,1.017244,0.000000,0.0000,0.000000,0.0000
2025-04-23T21:57:47.000Z,22334542,1.017257,1.017257,1.017257,0.000000,0.0000,0.000000,0.0000
2025-04-24T05:59:35.000Z,22336942,1.017176,1.017176,1.017176,0.000000,0.0000,0.000000,0.0000
2025-04-24T14:04:11.000Z,22339342,1.017233,1.017233,1.017233,0.000000,0.0000,0.000000,0.0000
2025-04-24T22:06:47.000Z,22341742,1.017116,1.017116,1.017116,0.000000,0.0000,0.000000,0.0000
2025-04-25T06:07:47.000Z,22344142,1.017133,1.017133,1.017133,0.000000,0.0000,0.000000,0.0000
2025-04-25T14:09:59.000Z,22346542,1.017139,1.017139,1.017139,0.000000,0.0000,0.000000,0.0000
2025-04-25T22:12:11.000Z,22348942,1.016874,1.016874,1.016874,0.000000,0.0000,0.000000,0.0000
2025-04-26T06:13:11.000Z,22351342,1.016997,1.016997,1.016997,0.000000,0.0000,0.000000,0.0000
2025-04-26T14:15:11.000Z,22353742,1.017031,1.017031,1.017031,0.000000,0.0000,0.000000,0.0000
2025-04-26T22:16:47.000Z,22356142,1.017247,1.017247,1.017247,0.000000,0.0000,0.000000,0.0000
2025-04-27T06:17:35.000Z,22358542,1.017310,1.017310,1.017310,0.000000,0.0000,0.000000,0.0000
2025-04-27T14:18:35.000Z,22360942,1.017311,1.017311,1.017311,0.000000,0.0000,0.000000,0.0000
2025-04-27T22:20:23.000Z,22363342,1.017286,1.017286,1.017286,0.000000,0.0000,0.000000,0.0000
2025-04-28T06:22:11.000Z,22365742,1.017292,1.017292,1.017292,0.000000,0.0000,0.000000,0.0000
2025-04-28T14:25:47.000Z,22368142,1.017170,1.017170,1.017170,0.000000,0.0000,0.000000,0.0000
2025-04-28T22:28:47.000Z,22370542,1.017183,1.017183,1.017183,0.000000,0.0000,0.000000,0.0000
2025-04-29T06:31:35.000Z,22372942,1.017209,1.017209,1.017209,0.000000,0.0000,0.000000,0.0000
2025-04-29T14:34:11.000Z,22375342,1.017127,1.017127,1.017127,0.000000,0.0000,0.000000,0.0000
2025-04-29T22:37:59.000Z,22377742,1.017118,1.017118,1.017118,0.000000,0.0000,0.000000,0.0000
2025-04-30T06:41:59.000Z,22380142,1.017183,1.017183,1.017183,0.000000,0.0000,0.000000,0.0000
2025-04-30T14:45:47.000Z,22382542,1.017199,1.017199,1.017199,0.000000,0.0000,0.000000,0.0000
2025-04-30T22:49:35.000Z,22384942,1.017275,1.017275,1.017275,0.000000,0.0000,0.000000,0.0000
2025-05-01T06:54:35.000Z,22387342,1.017332,1.017332,1.017332,0.000000,0.0000,0.000000,0.0000
2025-05-01T14:58:11.000Z,22389742,1.017337,1.017337,1.017337,0.000000,0.0000,0.000000,0.0000
2025-05-01T23:02:35.000Z,22392142,1.017209,1.017209,1.017209,0.000000,0.0000,0.000000,0.0000
2025-05-02T07:07:59.000Z,22394542,1.017167,1.017167,1.017167,0.000000,0.0000,0.000000,0.0000
2025-05-02T15:14:35.000Z,22396942,1.017188,1.017188,1.017188,0.000000,0.0000,0.000000,0.0000
2025-05-02T23:19:35.000Z,22399342,1.017159,1.017159,1.017159,0.000000,0.0000,0.000000,0.0000
2025-05-03T07:24:35.000Z,22401742,1.017104,1.017104,1.017104,0.000000,0.0000,0.000000,0.0000
2025-05-03T15:26:11.000Z,22404142,1.017265,1.017265,1.017265,0.000000,0.0000,0.000000,0.0000
2025-05-03T23:29:23.000Z,22406542,1.017250,1.017250,1.017250,0.000000,0.0000,0.000000,0.0000
2025-05-04T07:33:47.000Z,22408942,1.017241,1.017241,1.017241,0.000000,0.0000,0.000000,0.0000
2025-05-04T15:39:35.000Z,22411342,1.017350,1.017350,1.017350,0.000000,0.0000,0.000000,0.0000
2025-05-04T23:43:23.000Z,22413742,1.017318,1.017318,1.017318,0.000000,0.0000,0.000000,0.0000
2025-05-05T07:46:59.000Z,22416142,1.017308,1.017308,1.017308,0.000000,0.0000,0.000000,0.0000
2025-05-05T15:50:59.000Z,22418542,1.017387,1.017387,1.017387,0.000000,0.0000,0.000000,0.0000
2025-05-05T23:54:59.000Z,22420942,1.017400,1.017400,1.017400,0.000000,0.0000,0.000000,0.0000
2025-05-06T08:01:47.000Z,22423342,1.017403,1.017403,1.017403,0.000000,0.0000,0.000000,0.0000
2025-05-06T16:05:23.000Z,22425742,1.017410,1.017410,1.017410,0.000000,0.0000,0.000000,0.0000
2025-05-07T00:10:11.000Z,22428142,1.017416,1.017416,1.017416,0.000000,0.0000,0.000000,0.0000
2025-05-07T08:15:35.000Z,22430542,1.017420,1.017420,1.017420,0.000000,0.0000,0.000000,0.0000
2025-05-07T16:32:11.000Z,22432942,1.017427,1.017427,1.017427,0.000000,0.0000,0.000000,0.0000
2025-05-08T00:43:23.000Z,22435342,1.017403,1.017403,1.017403,0.000000,0.0000,0.000000,0.0000
2025-05-08T08:49:47.000Z,22437742,1.017386,1.017386,1.017386,0.000000,0.0000,0.000000,0.0000
2025-05-08T16:58:35.000Z,22440142,1.017293,1.017293,1.017293,0.000000,0.0000,0.000000,0.0000
2025-05-09T01:04:59.000Z,22442542,1.017383,1.017383,1.017383,0.000000,0.0000,0.000000,0.0000
2025-05-09T09:11:47.000Z,22444942,1.017436,1.017436,1.017436,0.000000,0.0000,0.000000,0.0000
2025-05-09T17:21:23.000Z,22447342,1.017367,1.017367,1.017367,0.000000,0.0000,0.000000,0.0000
2025-05-10T01:30:11.000Z,22449742,1.017349,1.017349,1.017349,0.000000,0.0000,0.000000,0.0000
2025-05-10T09:36:59.000Z,22452142,1.017370,1.017370,1.017370,0.000000,0.0000,0.000000,0.0000
2025-05-10T17:42:59.000Z,22454542,1.017350,1.017350,1.017350,0.000000,0.0000,0.000000,0.0000
2025-05-11T01:50:23.000Z,22456942,1.017344,1.017344,1.017344,0.000000,0.0000,0.000000,0.0000
2025-05-11T09:56:11.000Z,22459342,1.017365,1.017365,1.017365,0.000000,0.0000,0.000000,0.0000
2025-05-11T18:01:35.000Z,22461742,1.017343,1.017343,1.017343,0.000000,0.0000,0.000000,0.0000
2025-05-12T02:08:35.000Z,22464142,1.017357,1.017357,1.017357,0.000000,0.0000,0.000000,0.0000
2025-05-12T10:14:47.000Z,22466542,1.017393,1.017393,1.017393,0.000000,0.0000,0.000000,0.0000
2025-05-12T18:21:11.000Z,22468942,1.017413,1.017413,1.017413,0.000000,0.0000,0.000000,0.0000
2025-05-13T02:29:35.000Z,22471342,1.017448,1.017448,1.017448,0.000000,0.0000,0.000000,0.0000
2025-05-13T10:34:47.000Z,22473742,1.017462,1.017462,1.017462,0.000000,0.0000,0.000000,0.0000
2025-05-13T18:41:59.000Z,22476142,1.017456,1.017456,1.017456,0.000000,0.0000,0.000000,0.0000
2025-05-14T02:47:35.000Z,22478542,1.017392,1.017392,1.017392,0.000000,0.0000,0.000000,0.0000
2025-05-14T10:54:23.000Z,22480942,1.017372,1.017372,1.017372,0.000000,0.0000,0.000000,0.0000
2025-05-14T19:01:11.000Z,22483342,1.017360,1.017360,1.017360,0.000000,0.0000,0.000000,0.0000
2025-05-15T03:07:23.000Z,22485742,1.017319,1.017319,1.017319,0.000000,0.0000,0.000000,0.0000
2025-05-15T11:13:11.000Z,22488142,1.017242,1.017242,1.017242,0.000000,0.0000,0.000000,0.0000
2025-05-15T19:17:47.000Z,22490542,1.017171,1.017171,1.017171,0.000000,0.0000,0.000000,0.0000
2025-05-16T03:23:23.000Z,22492942,1.017237,1.017237,1.017237,0.000000,0.0000,0.000000,0.0000
2025-05-16T11:29:11.000Z,22495342,1.017092,1.017092,1.017092,0.000000,0.0000,0.000000,0.0000
2025-05-16T19:35:59.000Z,22497742,1.017077,1.017077,1.017077,0.000000,0.0000,0.000000,0.0000
2025-05-17T03:40:11.000Z,22500142,1.017030,1.017030,1.017030,0.000000,0.0000,0.000000,0.0000
2025-05-17T11:44:59.000Z,22502542,1.016976,1.016976,1.016976,0.000000,0.0000,0.000000,0.0000
2025-05-17T19:49:59.000Z,22504942,1.017076,1.017076,1.017076,0.000000,0.0000,0.000000,0.0000
2025-05-18T03:55:35.000Z,22507342,1.017003,1.017003,1.017003,0.000000,0.0000,0.000000,0.0000
2025-05-18T12:01:11.000Z,22509742,1.017031,1.017031,1.017031,0.000000,0.0000,0.000000,0.0000
2025-05-18T20:05:11.000Z,22512142,1.017135,1.017135,1.017135,0.000000,0.0000,0.000000,0.0000
2025-05-19T04:10:47.000Z,22514542,1.017150,1.017150,1.017150,0.000000,0.0000,0.000000,0.0000
2025-05-19T12:15:35.000Z,22516942,1.017253,1.017253,1.017253,0.000000,0.0000,0.000000,0.0000
2025-05-19T20:20:11.000Z,22519342,1.017184,1.017184,1.017184,0.000000,0.0000,0.000000,0.0000
2025-05-20T04:24:35.000Z,22521742,1.017156,1.017156,1.017156,0.000000,0.0000,0.000000,0.0000
2025-05-20T12:30:47.000Z,22524142,1.017146,1.017146,1.017146,0.000000,0.0000,0.000000,0.0000
2025-05-20T20:35:35.000Z,22526542,1.017066,1.017066,1.017066,0.000000,0.0000,0.000000,0.0000
2025-05-21T04:39:59.000Z,22528942,1.017024,1.017024,1.017024,0.000000,0.0000,0.000000,0.0000
2025-05-21T12:43:23.000Z,22531342,1.017079,1.017079,1.017079,0.000000,0.0000,0.000000,0.0000
2025-05-21T20:47:59.000Z,22533742,1.016947,1.016947,1.016947,0.000000,0.0000,0.000000,0.0000
2025-05-22T04:51:11.000Z,22536142,1.017241,1.017241,1.017241,0.000000,0.0000,0.000000,0.0000
2025-05-22T12:54:35.000Z,22538542,1.017351,1.017351,1.017351,0.000000,0.0000,0.000000,0.0000
2025-05-22T20:56:23.000Z,22540942,1.017311,1.017311,1.017311,0.000000,0.0000,0.000000,0.0000
2025-05-23T04:59:59.000Z,22543342,1.017459,1.017459,1.017459,0.000000,0.0000,0.000000,0.0000
2025-05-23T13:03:47.000Z,22545742,1.017476,1.017476,1.017476,0.000000,0.0000,0.000000,0.0000
2025-05-23T21:07:47.000Z,22548142,1.017477,1.017477,1.017477,0.000000,0.0000,0.000000,0.0000
2025-05-24T05:12:23.000Z,22550542,1.017409,1.017409,1.017409,0.000000,0.0000,0.000000,0.0000
2025-05-24T13:16:35.000Z,22552942,1.017271,1.017271,1.017271,0.000000,0.0000,0.000000,0.0000
2025-05-24T21:21:11.000Z,22555342,1.017227,1.017227,1.017227,0.000000,0.0000,0.000000,0.0000
2025-05-25T05:24:59.000Z,22557742,1.017103,1.017103,1.017103,0.000000,0.0000,0.000000,0.0000
2025-05-25T13:30:23.000Z,22560142,1.017229,1.017229,1.017229,0.000000,0.0000,0.000000,0.0000
2025-05-25T21:34:11.000Z,22562542,1.017182,1.017182,1.017182,0.000000,0.0000,0.000000,0.0000
2025-05-26T05:39:35.000Z,22564942,1.017182,1.017182,1.017182,0.000000,0.0000,0.000000,0.0000
2025-05-26T13:44:23.000Z,22567342,1.017196,1.017196,1.017196,0.000000,0.0000,0.000000,0.0000
2025-05-26T21:47:11.000Z,22569742,1.017202,1.017202,1.017202,0.000000,0.0000,0.000000,0.0000
2025-05-27T05:49:11.000Z,22572142,1.017376,1.017376,1.017376,0.000000,0.0000,0.000000,0.0000
2025-05-27T13:53:35.000Z,22574542,1.017381,1.017381,1.017381,0.000000,0.0000,0.000000,0.0000
2025-05-27T21:55:59.000Z,22576942,1.017208,1.017208,1.017208,0.000000,0.0000,0.000000,0.0000
2025-05-28T06:00:35.000Z,22579342,1.017120,1.017120,1.017120,0.000000,0.0000,0.000000,0.0000
2025-05-28T14:05:59.000Z,22581742,1.017258,1.017258,1.017258,0.000000,0.0000,0.000000,0.0000
2025-05-28T22:08:47.000Z,22584142,1.017356,1.017356,1.017356,0.000000,0.0000,0.000000,0.0000
2025-05-29T06:12:23.000Z,22586542,1.017242,1.017242,1.017242,0.000000,0.0000,0.000000,0.0000
2025-05-29T14:16:47.000Z,22588942,1.017060,1.017060,1.017060,0.000000,0.0000,0.000000,0.0000
2025-05-29T22:21:11.000Z,22591342,1.017201,1.017201,1.017201,0.000000,0.0000,0.000000,0.0000
2025-05-30T06:23:59.000Z,22593742,1.017367,1.017367,1.017367,0.000000,0.0000,0.000000,0.0000
2025-05-30T14:27:47.000Z,22596142,1.017291,1.017291,1.017291,0.000000,0.0000,0.000000,0.0000
2025-05-30T22:30:11.000Z,22598542,1.017394,1.017394,1.017394,0.000000,0.0000,0.000000,0.0000
2025-05-31T06:32:35.000Z,22600942,1.017268,1.017268,1.017268,0.000000,0.0000,0.000000,0.0000
2025-05-31T14:35:35.000Z,22603342,1.017282,1.017282,1.017282,0.000000,0.0000,0.000000,0.0000
2025-05-31T22:39:59.000Z,22605742,1.017326,1.017326,1.017326,0.000000,0.0000,0.000000,0.0000
2025-06-01T06:43:59.000Z,22608142,1.017237,1.017237,1.017237,0.000000,0.0000,0.000000,0.0000
2025-06-01T14:47:59.000Z,22610542,1.017253,1.017253,1.017253,0.000000,0.0000,0.000000,0.0000
2025-06-01T22:50:59.000Z,22612942,1.017296,1.017296,1.017296,0.000000,0.0000,0.000000,0.0000
2025-06-02T06:54:11.000Z,22615342,1.017263,1.017263,1.017263,0.000000,0.0000,0.000000,0.0000
2025-06-02T15:00:47.000Z,22617742,1.017252,1.017252,1.017252,0.000000,0.0000,0.000000,0.0000
2025-06-02T23:05:11.000Z,22620142,1.017218,1.017218,1.017218,0.000000,0.0000,0.000000,0.0000
2025-06-03T07:07:59.000Z,22622542,1.017292,1.017292,1.017292,0.000000,0.0000,0.000000,0.0000
2025-06-03T15:12:47.000Z,22624942,1.017225,1.017225,1.017225,0.000000,0.0000,0.000000,0.0000
2025-06-03T23:15:35.000Z,22627342,1.017235,1.017235,1.017235,0.000000,0.0000,0.000000,0.0000
2025-06-04T07:18:47.000Z,22629742,1.017111,1.017111,1.017111,0.000000,0.0000,0.000000,0.0000
2025-06-04T15:23:47.000Z,22632142,1.017287,1.017287,1.017287,0.000000,0.0000,0.000000,0.0000
2025-06-04T23:27:47.000Z,22634542,1.017335,1.017335,1.017335,0.000000,0.0000,0.000000,0.0000
2025-06-05T07:31:35.000Z,22636942,1.017252,1.017252,1.017252,0.000000,0.0000,0.000000,0.0000
2025-06-05T15:36:47.000Z,22639342,1.017158,1.017158,1.017158,0.000000,0.0000,0.000000,0.0000
2025-06-05T23:39:47.000Z,22641742,1.017323,1.017323,1.017323,0.000000,0.0000,0.000000,0.0000
2025-06-06T07:43:11.000Z,22644142,1.017190,1.017190,1.017190,0.000000,0.0000,0.000000,0.0000
2025-06-06T15:48:35.000Z,22646542,1.017034,1.017034,1.017034,0.000000,0.0000,0.000000,0.0000
2025-06-06T23:50:59.000Z,22648942,1.016992,1.016992,1.016992,0.000000,0.0000,0.000000,0.0000
2025-06-07T07:53:23.000Z,22651342,1.016960,1.016960,1.016960,0.000000,0.0000,0.000000,0.0000
2025-06-07T15:56:35.000Z,22653742,1.017034,1.017034,1.017034,0.000000,0.0000,0.000000,0.0000
2025-06-07T23:58:23.000Z,22656142,1.017108,1.017108,1.017108,0.000000,0.0000,0.000000,0.0000
2025-06-08T08:01:11.000Z,22658542,1.017092,1.017092,1.017092,0.000000,0.0000,0.000000,0.0000
2025-06-08T16:04:59.000Z,22660942,1.017133,1.017133,1.017133,0.000000,0.0000,0.000000,0.0000
2025-06-09T00:07:23.000Z,22663342,1.017082,1.017082,1.017082,0.000000,0.0000,0.000000,0.0000
2025-06-09T08:11:23.000Z,22665742,1.017182,1.017182,1.017182,0.000000,0.0000,0.000000,0.0000
2025-06-09T16:14:23.000Z,22668142,1.016902,1.016902,1.016902,0.000000,0.0000,0.000000,0.0000
2025-06-10T00:18:23.000Z,22670542,1.017067,1.017067,1.017067,0.000000,0.0000,0.000000,0.0000
2025-06-10T08:22:47.000Z,22672942,1.017040,1.017040,1.017040,0.000000,0.0000,0.000000,0.0000
2025-06-10T16:24:59.000Z,22675342,1.017328,1.017328,1.017328,0.000000,0.0000,0.000000,0.0000
2025-06-11T00:27:23.000Z,22677742,1.017478,1.017478,1.017478,0.000000,0.0000,0.000000,0.0000
2025-06-11T08:31:11.000Z,22680142,1.017304,1.017304,1.017304,0.000000,0.0000,0.000000,0.0000
2025-06-11T16:34:11.000Z,22682542,1.017292,1.017292,1.017292,0.000000,0.0000,0.000000,0.0000
2025-06-12T00:37:11.000Z,22684942,1.017529,1.017529,1.017529,0.000000,0.0000,0.000000,0.0000
2025-06-12T08:38:11.000Z,22687342,1.017443,1.017443,1.017443,0.000000,0.0000,0.000000,0.0000
2025-06-12T16:40:59.000Z,22689742,1.017347,1.017347,1.017347,0.000000,0.0000,0.000000,0.0000
2025-06-13T00:44:35.000Z,22692142,1.017287,1.017287,1.017287,0.000000,0.0000,0.000000,0.0000
2025-06-13T08:48:11.000Z,22694542,1.017278,1.017278,1.017278,0.000000,0.0000,0.000000,0.0000
2025-06-13T16:50:35.000Z,22696942,1.017285,1.017285,1.017285,0.000000,0.0000,0.000000,0.0000
2025-06-14T00:53:59.000Z,22699342,1.017393,1.017393,1.017393,0.000000,0.0000,0.000000,0.0000
2025-06-14T08:57:23.000Z,22701742,1.017572,1.017572,1.017572,0.000000,0.0000,0.000000,0.0000
2025-06-14T16:59:23.000Z,22704142,1.017473,1.017473,1.017473,0.000000,0.0000,0.000000,0.0000
2025-06-15T01:01:59.000Z,22706542,1.017512,1.017512,1.017512,0.000000,0.0000,0.000000,0.0000
2025-06-15T09:06:59.000Z,22708942,1.017509,1.017509,1.017509,0.000000,0.0000,0.000000,0.0000
2025-06-15T17:11:23.000Z,22711342,1.017550,1.017550,1.017550,0.000000,0.0000,0.000000,0.0000
2025-06-16T01:15:11.000Z,22713742,1.017649,1.017649,1.017649,0.000000,0.0000,0.000000,0.0000
2025-06-16T09:19:11.000Z,22716142,1.017744,1.017744,1.017744,0.000000,0.0000,0.000000,0.0000
2025-06-16T17:22:35.000Z,22718542,1.017584,1.017584,1.017584,0.000000,0.0000,0.000000,0.0000
2025-06-17T01:26:11.000Z,22720942,1.017391,1.017391,1.017391,0.000000,0.0000,0.000000,0.0000
2025-06-17T09:30:23.000Z,22723342,1.017435,1.017435,1.017435,0.000000,0.0000,0.000000,0.0000
2025-06-17T17:33:47.000Z,22725742,1.017587,1.017587,1.017587,0.000000,0.0000,0.000000,0.0000
2025-06-18T01:38:47.000Z,22728142,1.017476,1.017476,1.017476,0.000000,0.0000,0.000000,0.0000
2025-06-18T09:42:35.000Z,22730542,1.017523,1.017523,1.017523,0.000000,0.0000,0.000000,0.0000
2025-06-18T17:45:35.000Z,22732942,1.017708,1.017708,1.017708,0.000000,0.0000,0.000000,0.0000
2025-06-19T01:47:47.000Z,22735342,1.017750,1.017750,1.017750,0.000000,0.0000,0.000000,0.0000
2025-06-19T09:50:59.000Z,22737742,1.017731,1.017731,1.017731,0.000000,0.0000,0.000000,0.0000
2025-06-19T17:53:23.000Z,22740142,1.017714,1.017714,1.017714,0.000000,0.0000,0.000000,0.0000
2025-06-20T01:55:23.000Z,22742542,1.017786,1.017786,1.017786,0.000000,0.0000,0.000000,0.0000
2025-06-20T09:58:35.000Z,22744942,1.017723,1.017723,1.017723,0.000000,0.0000,0.000000,0.0000
2025-06-20T18:02:23.000Z,22747342,1.017792,1.017792,1.017792,0.000000,0.0000,0.000000,0.0000
2025-06-21T02:05:59.000Z,22749742,1.017798,1.017798,1.017798,0.000000,0.0000,0.000000,0.0000
2025-06-21T10:07:59.000Z,22752142,1.017782,1.017782,1.017782,0.000000,0.0000,0.000000,0.0000
2025-06-21T18:12:23.000Z,22754542,1.017818,1.017818,1.017818,0.000000,0.0000,0.000000,0.0000
2025-06-22T02:16:11.000Z,22756942,1.017606,1.017606,1.017606,0.000000,0.0000,0.000000,0.0000
2025-06-22T10:19:23.000Z,22759342,1.017521,1.017521,1.017521,0.000000,0.0000,0.000000,0.0000
2025-06-22T18:23:11.000Z,22761742,1.017814,1.017814,1.017814,0.000000,0.0000,0.000000,0.0000
2025-06-23T02:26:35.000Z,22764142,1.017814,1.017814,1.017814,0.000000,0.0000,0.000000,0.0000
2025-06-23T10:29:47.000Z,22766542,1.017762,1.017762,1.017762,0.000000,0.0000,0.000000,0.0000
2025-06-23T18:33:23.000Z,22768942,1.017711,1.017711,1.017711,0.000000,0.0000,0.000000,0.0000
2025-06-24T02:36:11.000Z,22771342,1.017422,1.017422,1.017422,0.000000,0.0000,0.000000,0.0000
2025-06-24T10:38:47.000Z,22773742,1.017443,1.017443,1.017443,0.000000,0.0000,0.000000,0.0000
2025-06-24T18:41:35.000Z,22776142,1.017553,1.017553,1.017553,0.000000,0.0000,0.000000,0.0000
2025-06-25T02:42:59.000Z,22778542,1.017505,1.017505,1.017505,0.000000,0.0000,0.000000,0.0000
2025-06-25T10:45:23.000Z,22780942,1.017497,1.017497,1.017497,0.000000,0.0000,0.000000,0.0000
2025-06-25T18:48:11.000Z,22783342,1.017491,1.017491,1.017491,0.000000,0.0000,0.000000,0.0000
2025-06-26T02:50:35.000Z,22785742,1.017215,1.017215,1.017215,0.000000,0.0000,0.000000,0.0000
2025-06-26T10:52:47.000Z,22788142,1.017468,1.017468,1.017468,0.000000,0.0000,0.000000,0.0000
2025-06-26T18:55:59.000Z,22790542,1.017812,1.017812,1.017812,0.000000,0.0000,0.000000,0.0000
2025-06-27T02:58:35.000Z,22792942,1.017833,1.017833,1.017833,0.000000,0.0000,0.000000,0.0000
2025-06-27T11:00:47.000Z,22795342,1.017762,1.017762,1.017762,0.000000,0.0000,0.000000,0.0000
2025-06-27T19:04:47.000Z,22797742,1.017748,1.017748,1.017748,0.000000,0.0000,0.000000,0.0000
2025-06-28T03:07:11.000Z,22800142,1.017705,1.017705,1.017705,0.000000,0.0000,0.000000,0.0000
2025-06-28T11:08:47.000Z,22802542,1.017679,1.017679,1.017679,0.000000,0.0000,0.000000,0.0000
2025-06-28T19:12:23.000Z,22804942,1.017638,1.017638,1.017638,0.000000,0.0000,0.000000,0.0000
2025-06-29T03:15:11.000Z,22807342,1.017707,1.017707,1.017707,0.000000,0.0000,0.000000,0.0000
2025-06-29T11:19:23.000Z,22809742,1.017719,1.017719,1.017719,0.000000,0.0000,0.000000,0.0000
2025-06-29T19:22:47.000Z,22812142,1.017808,1.017808,1.017808,0.000000,0.0000,0.000000,0.0000
2025-06-30T03:27:23.000Z,22814542,1.017818,1.017818,1.017818,0.000000,0.0000,0.000000,0.0000
2025-06-30T11:29:47.000Z,22816942,1.017806,1.017806,1.017806,0.000000,0.0000,0.000000,0.0000
2025-06-30T19:31:59.000Z,22819342,1.017779,1.017779,1.017779,0.000000,0.0000,0.000000,0.0000
2025-07-01T03:34:59.000Z,22821742,1.017917,1.017917,1.017917,0.000000,0.0000,0.000000,0.0000
2025-07-01T11:38:23.000Z,22824142,1.017802,1.017802,1.017802,0.000000,0.0000,0.000000,0.0000
2025-07-01T19:42:11.000Z,22826542,1.017791,1.017791,1.017791,0.000000,0.0000,0.000000,0.0000
2025-07-02T03:45:11.000Z,22828942,1.017882,1.017882,1.017882,0.000000,0.0000,0.000000,0.0000
2025-07-02T11:48:59.000Z,22831342,1.017907,1.017907,1.017907,0.000000,0.0000,0.000000,0.0000
2025-07-02T19:51:59.000Z,22833742,1.017771,1.017771,1.017771,0.000000,0.0000,0.000000,0.0000
2025-07-03T03:53:59.000Z,22836142,1.017679,1.017679,1.017679,0.000000,0.0000,0.000000,0.0000
2025-07-03T11:56:23.000Z,22838542,1.017605,1.017605,1.017605,0.000000,0.0000,0.000000,0.0000
2025-07-03T20:00:23.000Z,22840942,1.017685,1.017685,1.017685,0.000000,0.0000,0.000000,0.0000
2025-07-04T04:03:35.000Z,22843342,1.017775,1.017775,1.017775,0.000000,0.0000,0.000000,0.0000
2025-07-04T12:05:47.000Z,22845742,1.017823,1.017823,1.017823,0.000000,0.0000,0.000000,0.0000
2025-07-04T20:07:59.000Z,22848142,1.017846,1.017846,1.017846,0.000000,0.0000,0.000000,0.0000
2025-07-05T04:10:35.000Z,22850542,1.017880,1.017880,1.017880,0.000000,0.0000,0.000000,0.0000
2025-07-05T12:12:59.000Z,22852942,1.017878,1.017878,1.017878,0.000000,0.0000,0.000000,0.0000
2025-07-05T20:17:35.000Z,22855342,1.017985,1.017985,1.017985,0.000000,0.0000,0.000000,0.0000
2025-07-06T04:20:35.000Z,22857742,1.017976,1.017976,1.017976,0.000000,0.0000,0.000000,0.0000
2025-07-06T12:24:23.000Z,22860142,1.017991,1.017991,1.017991,0.000000,0.0000,0.000000,0.0000
2025-07-06T20:27:35.000Z,22862542,1.017990,1.017990,1.017990,0.000000,0.0000,0.000000,0.0000
2025-07-07T04:30:35.000Z,22864942,1.017984,1.017984,1.017984,0.000000,0.0000,0.000000,0.0000
2025-07-07T12:33:35.000Z,22867342,1.018075,1.018075,1.018075,0.000000,0.0000,0.000000,0.0000
2025-07-07T20:35:59.000Z,22869742,1.018149,1.018149,1.018149,0.000000,0.0000,0.000000,0.0000
2025-07-08T04:40:11.000Z,22872142,1.018146,1.018146,1.018146,0.000000,0.0000,0.000000,0.0000
2025-07-08T12:43:11.000Z,22874542,1.018201,1.018201,1.018201,0.000000,0.0000,0.000000,0.0000
2025-07-08T20:45:23.000Z,22876942,1.018126,1.018126,1.018126,0.000000,0.0000,0.000000,0.0000
2025-07-09T04:48:11.000Z,22879342,1.018097,1.018097,1.018097,0.000000,0.0000,0.000000,0.0000
2025-07-09T12:51:11.000Z,22881742,1.018214,1.018214,1.018214,0.000000,0.0000,0.000000,0.0000
2025-07-09T20:55:59.000Z,22884142,1.018120,1.018120,1.018120,0.000000,0.0000,0.000000,0.0000
2025-07-10T04:58:11.000Z,22886542,1.018073,1.018073,1.018073,0.000000,0.0000,0.000000,0.0000
2025-07-10T13:00:47.000Z,22888942,1.018012,1.018012,1.018012,0.000000,0.0000,0.000000,0.0000
2025-07-10T21:03:47.000Z,22891342,1.017660,1.017660,1.017660,0.000000,0.0000,0.000000,0.0000
2025-07-11T05:06:47.000Z,22893742,1.018032,1.018032,1.018032,0.000000,0.0000,0.000000,0.0000
2025-07-11T13:10:11.000Z,22896142,1.018234,1.018234,1.018234,0.000000,0.0000,0.000000,0.0000
2025-07-11T21:13:35.000Z,22898542,1.018094,1.018094,1.018094,0.000000,0.0000,0.000000,0.0000
2025-07-12T05:17:23.000Z,22900942,1.018064,1.018064,1.018064,0.000000,0.0000,0.000000,0.0000
2025-07-12T13:19:47.000Z,22903342,1.017955,1.017955,1.017955,0.000000,0.0000,0.000000,0.0000
2025-07-12T21:21:11.000Z,22905742,1.017942,1.017942,1.017942,0.000000,0.0000,0.000000,0.0000
2025-07-13T05:22:47.000Z,22908142,1.017968,1.017968,1.017968,0.000000,0.0000,0.000000,0.0000
2025-07-13T13:25:35.000Z,22910542,1.017998,1.017998,1.017998,0.000000,0.0000,0.000000,0.0000
2025-07-13T21:28:47.000Z,22912942,1.017899,1.017899,1.017899,0.000000,0.0000,0.000000,0.0000
2025-07-14T05:31:23.000Z,22915342,1.017894,1.017894,1.017894,0.000000,0.0000,0.000000,0.0000
2025-07-14T13:34:11.000Z,22917742,1.017982,1.017982,1.017982,0.000000,0.0000,0.000000,0.0000
2025-07-14T21:36:35.000Z,22920142,1.018130,1.018130,1.018130,0.000000,0.0000,0.000000,0.0000
2025-07-15T05:38:35.000Z,22922542,1.018111,1.018111,1.018111,0.000000,0.0000,0.000000,0.0000
2025-07-15T13:40:47.000Z,22924942,1.018193,1.018193,1.018193,0.000000,0.0000,0.000000,0.0000
2025-07-15T21:42:47.000Z,22927342,1.018225,1.018225,1.018225,0.000000,0.0000,0.000000,0.0000
2025-07-16T05:45:23.000Z,22929742,1.018140,1.018140,1.018140,0.000000,0.0000,0.000000,0.0000
2025-07-16T13:46:35.000Z,22932142,1.018140,1.018140,1.018140,0.000000,0.0000,0.000000,0.0000
2025-07-16T21:48:59.000Z,22934542,1.017991,1.017991,1.017991,0.000000,0.0000,0.000000,0.0000
2025-07-17T05:51:23.000Z,22936942,1.017866,1.017866,1.017866,0.000000,0.0000,0.000000,0.0000
2025-07-17T13:52:47.000Z,22939342,1.018538,1.018538,1.018538,0.000000,0.0000,0.000000,0.0000
2025-07-17T21:54:11.000Z,22941742,1.018387,1.018387,1.018387,0.000000,0.0000,0.000000,0.0000
2025-07-18T05:57:59.000Z,22944142,1.017980,1.017980,1.017980,0.000000,0.0000,0.000000,0.0000
2025-07-18T14:00:23.000Z,22946542,1.018407,1.018407,1.018407,0.000000,0.0000,0.000000,0.0000
2025-07-18T22:00:59.000Z,22948942,1.018317,1.018317,1.018317,0.000000,0.0000,0.000000,0.0000
2025-07-19T06:04:23.000Z,22951342,1.018375,1.018375,1.018375,0.000000,0.0000,0.000000,0.0000
2025-07-19T14:08:47.000Z,22953742,1.018415,1.018415,1.018415,0.000000,0.0000,0.000000,0.0000
2025-07-19T22:11:11.000Z,22956142,1.018495,1.018495,1.018495,0.000000,0.0000,0.000000,0.0000
2025-07-20T06:13:59.000Z,22958542,1.018461,1.018461,1.018461,0.000000,0.0000,0.000000,0.0000
2025-07-20T14:16:35.000Z,22960942,1.018510,1.018510,1.018510,0.000000,0.0000,0.000000,0.0000
2025-07-20T22:18:23.000Z,22963342,1.018602,1.018602,1.018602,0.000000,0.0000,0.000000,0.0000
2025-07-21T06:21:11.000Z,22965742,1.018515,1.018515,1.018515,0.000000,0.0000,0.000000,0.0000
2025-07-21T14:23:59.000Z,22968142,1.018514,1.018514,1.018514,0.000000,0.0000,0.000000,0.0000
2025-07-21T22:27:23.000Z,22970542,1.018378,1.018378,1.018378,0.000000,0.0000,0.000000,0.0000
2025-07-22T06:29:47.000Z,22972942,1.018427,1.018427,1.018427,0.000000,0.0000,0.000000,0.0000
2025-07-22T14:33:59.000Z,22975342,1.018754,1.018754,1.018754,0.000000,0.0000,0.000000,0.0000
2025-07-22T22:38:11.000Z,22977742,1.018635,1.018635,1.018635,0.000000,0.0000,0.000000,0.0000
2025-07-23T06:39:47.000Z,22980142,1.018665,1.018665,1.018665,0.000000,0.0000,0.000000,0.0000
2025-07-23T14:44:35.000Z,22982542,1.018723,1.018723,1.018723,0.000000,0.0000,0.000000,0.0000
2025-07-23T22:47:47.000Z,22984942,1.018742,1.018742,1.018742,0.000000,0.0000,0.000000,0.0000
2025-07-24T06:50:47.000Z,22987342,1.018700,1.018700,1.018700,0.000000,0.0000,0.000000,0.0000
2025-07-24T14:54:59.000Z,22989742,1.018655,1.018655,1.018655,0.000000,0.0000,0.000000,0.0000
2025-07-24T22:58:11.000Z,22992142,1.018559,1.018559,1.018559,0.000000,0.0000,0.000000,0.0000
2025-07-25T07:01:47.000Z,22994542,1.018603,1.018603,1.018603,0.000000,0.0000,0.000000,0.0000
2025-07-25T15:06:23.000Z,22996942,1.018766,1.018766,1.018766,0.000000,0.0000,0.000000,0.0000
2025-07-25T23:09:23.000Z,22999342,1.018798,1.018798,1.018798,0.000000,0.0000,0.000000,0.0000
2025-07-26T07:11:23.000Z,23001742,1.018816,1.018816,1.018816,0.000000,0.0000,0.000000,0.0000
2025-07-26T15:13:47.000Z,23004142,1.018789,1.018789,1.018789,0.000000,0.0000,0.000000,0.0000
2025-07-26T23:16:59.000Z,23006542,1.018897,1.018897,1.018897,0.000000,0.0000,0.000000,0.0000
2025-07-27T07:19:35.000Z,23008942,1.018770,1.018770,1.018770,0.000000,0.0000,0.000000,0.0000
2025-07-27T15:21:23.000Z,23011342,1.018732,1.018732,1.018732,0.000000,0.0000,0.000000,0.0000
2025-07-27T23:23:11.000Z,23013742,1.018764,1.018764,1.018764,0.000000,0.0000,0.000000,0.0000
2025-07-28T07:25:35.000Z,23016142,1.018687,1.018687,1.018687,0.000000,0.0000,0.000000,0.0000
2025-07-28T15:29:23.000Z,23018542,1.018824,1.018824,1.018824,0.000000,0.0000,0.000000,0.0000
2025-07-28T23:33:11.000Z,23020942,1.018926,1.018926,1.018926,0.000000,0.0000,0.000000,0.0000
2025-07-29T07:35:59.000Z,23023342,1.018931,1.018931,1.018931,0.000000,0.0000,0.000000,0.0000
2025-07-29T15:40:11.000Z,23025742,1.018954,1.018954,1.018954,0.000000,0.0000,0.000000,0.0000
2025-07-29T23:42:59.000Z,23028142,1.019159,1.019159,1.019159,0.000000,0.0000,0.000000,0.0000
2025-07-30T07:46:35.000Z,23030542,1.019161,1.019161,1.019161,0.000000,0.0000,0.000000,0.0000
2025-07-30T15:49:59.000Z,23032942,1.019163,1.019163,1.019163,0.000000,0.0000,0.000000,0.0000
2025-07-30T23:53:59.000Z,23035342,1.019118,1.019118,1.019118,0.000000,0.0000,0.000000,0.0000
2025-07-31T07:57:11.000Z,23037742,1.018892,1.018892,1.018892,0.000000,0.0000,0.000000,0.0000
2025-07-31T16:00:59.000Z,23040142,1.019022,1.019022,1.019022,0.000000,0.0000,0.000000,0.0000
2025-08-01T00:05:47.000Z,23042542,1.019130,1.019130,1.019130,0.000000,0.0000,0.000000,0.0000
2025-08-01T08:08:47.000Z,23044942,1.019113,1.019113,1.019113,0.000000,0.0000,0.000000,0.0000
2025-08-01T16:11:35.000Z,23047342,1.019214,1.019214,1.019214,0.000000,0.0000,0.000000,0.0000
2025-08-02T00:16:11.000Z,23049742,1.019225,1.019225,1.019225,0.000000,0.0000,0.000000,0.0000
2025-08-02T08:20:47.000Z,23052142,1.019227,1.019227,1.019227,0.000000,0.0000,0.000000,0.0000
2025-08-02T16:23:11.000Z,23054542,1.019234,1.019234,1.019234,0.000000,0.0000,0.000000,0.0000
2025-08-03T00:26:11.000Z,23056942,1.019236,1.019236,1.019236,0.000000,0.0000,0.000000,0.0000
2025-08-03T08:28:11.000Z,23059342,1.019242,1.019242,1.019242,0.000000,0.0000,0.000000,0.0000
2025-08-03T16:30:59.000Z,23061742,1.019245,1.019245,1.019245,0.000000,0.0000,0.000000,0.0000
2025-08-04T00:32:47.000Z,23064142,1.019249,1.019249,1.019249,0.000000,0.0000,0.000000,0.0000
2025-08-04T08:35:11.000Z,23066542,1.019250,1.019250,1.019250,0.000000,0.0000,0.000000,0.0000
2025-08-04T16:38:23.000Z,23068942,1.019259,1.019259,1.019259,0.000000,0.0000,0.000000,0.0000
2025-08-05T00:39:59.000Z,23071342,1.019262,1.019262,1.019262,0.000000,0.0000,0.000000,0.0000
2025-08-05T08:43:23.000Z,23073742,1.019267,1.019267,1.019267,0.000000,0.0000,0.000000,0.0000
2025-08-05T16:45:35.000Z,23076142,1.019270,1.019270,1.019270,0.000000,0.0000,0.000000,0.0000
2025-08-06T00:47:23.000Z,23078542,1.019271,1.019271,1.019271,0.000000,0.0000,0.000000,0.0000
2025-08-06T08:50:23.000Z,23080942,1.019272,1.019272,1.019272,0.000000,0.0000,0.000000,0.0000
2025-08-06T16:52:23.000Z,23083342,1.019214,1.019214,1.019214,0.000000,0.0000,0.000000,0.0000
2025-08-07T00:55:59.000Z,23085742,1.019192,1.019192,1.019192,0.000000,0.0000,0.000000,0.0000
2025-08-07T08:58:47.000Z,23088142,1.019187,1.019187,1.019187,0.000000,0.0000,0.000000,0.0000
